<GameData>
  <ComplexShipTileDefinition class="corridor">
    <Code>CORRIDOR_NS</Code>
    <Name>Straight corridor</Name>
    <PrimaryTile>True</PrimaryTile>
    <StandardTile>True</StandardTile>
    <Model>corridor_ns_model</Model>
    <Size x="1" y="1" z="1" />
    <DefaultProperty name="active" value="true" />
    <DefaultProperty name="walkable" value="true" />
  
    <CollisionOBB skip="true" numchildren="0" />
    <staticterrain px="1.754998" py="4.895001" pz="4.850001" ox="0.000000" oy="0.000000" oz="0.000000" ow="1.000000" ex="0.395001" ey="2.455000" ez="5.069999" />
    <staticterrain px="8.155014" py="4.900001" pz="5.010001" ox="0.000000" oy="0.000000" oz="0.000000" ow="1.000000" ex="0.395001" ey="2.455000" ez="5.069999" />
    <staticterrain px="4.875001" py="2.709998" pz="4.885001" ox="0.000000" oy="0.000000" oz="0.000000" ow="1.000000" ex="3.345001" ey="0.280001" ez="5.135007" />
    <staticterrain px="4.880000" py="7.105004" pz="4.975003" ox="0.000000" oy="0.000000" oz="0.000000" ow="1.000000" ex="3.345001" ey="0.280001" ez="5.085007" />
  </ComplexShipTileDefinition>

  <ComplexShipTileDefinition class="corridor">
    <Code>CORRIDOR_NE</Code>
    <Name>Corner corridor</Name>
    <PrimaryTile>True</PrimaryTile>
    <StandardTile>True</StandardTile>
    <Model>corridor_ne_model</Model>
    <Size x="1" y="1" z="1" />
    <DefaultProperty name="active" value="true" />
    <DefaultProperty name="walkable" value="true" />

    <CollisionOBB skip="true" numchildren="0" />
    <staticterrain px="4.630003" py="2.635001" pz="4.944999" ox="0" oy="0" oz="0" ow="1" ex="3.140003" ey="0.295001" ez="4.865002" />
    <staticterrain px="4.645004" py="7.079996" pz="4.955" ox="0" oy="0" oz="0" ow="1" ex="3.140003" ey="0.295001" ez="5.010003" />
    <staticterrain px="1.734999" py="4.810004" pz="5.025001" ox="0" oy="0" oz="0" ow="1" ex="0.365" ey="2.555001" ez="4.985004" />
    <staticterrain px="7.569991" py="4.785005" pz="1.249994" ox="0" oy="0" oz="0" ow="1" ex="0.365" ey="2.555001" ez="1.204999" />
    <staticterrain px="4.880005" py="4.910002" pz="9.580007" ox="0" oy="0" oz="0" ow="1" ex="3.495005" ey="2.38" ez="0.325002" />
    <staticterrain px="7.794989" py="2.744999" pz="5.77" ox="0" oy="0" oz="0" ow="1" ex="0.814999" ey="0.295001" ez="4.035004" />
    <staticterrain px="7.86999" py="7.009992" pz="5.81" ox="0" oy="0" oz="0" ow="1" ex="0.814999" ey="0.295001" ez="4.035004" />
    <staticterrain px="7.729994" py="4.800002" pz="2.065" ox="0" oy="0" oz="0" ow="1" ex="0.764999" ey="2.38" ez="0.390002" />

  </ComplexShipTileDefinition>

  <ComplexShipTileDefinition class="corridor">
    <Code>CORRIDOR_NSE</Code>
    <Name>T-junction corridor</Name>
    <PrimaryTile>True</PrimaryTile>
    <StandardTile>True</StandardTile>
    <Model>corridor_nse_model</Model>
    <Size x="1" y="1" z="1" />
    <DefaultProperty name="active" value="true" />
    <DefaultProperty name="walkable" value="true" />

    <CollisionOBB skip="true" numchildren="0" />
    <staticterrain px="4.540003" py="2.635001" pz="4.919999" ox="0" oy="0" oz="0" ow="1" ex="3.635005" ey="0.295001" ez="5.000003" />
    <staticterrain px="1.11" py="4.810004" pz="5.025001" ox="0" oy="0" oz="0" ow="1" ex="0.365" ey="2.555001" ez="4.985004" />
    <staticterrain px="7.969989" py="4.785005" pz="0.979994" ox="0" oy="0" oz="0" ow="1" ex="0.365" ey="2.555001" ez="1.074999" />
    <staticterrain px="8.565001" py="2.664999" pz="5.245" ox="0" oy="0" oz="0" ow="1" ex="0.814999" ey="0.295001" ez="3.750003" />
    <staticterrain px="8.679996" py="7.009992" pz="5.11" ox="0" oy="0" oz="0" ow="1" ex="0.539999" ey="0.295001" ez="3.465002" />
    <staticterrain px="8.310001" py="4.800002" pz="1.654998" ox="0" oy="0" oz="0" ow="1" ex="0.764999" ey="2.38" ez="0.390002" />
    <staticterrain px="4.530005" py="6.949994" pz="4.91" ox="0" oy="0" oz="0" ow="1" ex="3.635005" ey="0.295001" ez="5.000003" />
    <staticterrain px="8.099992" py="4.840003" pz="9.045005" ox="0" oy="0" oz="0" ow="1" ex="0.365" ey="2.555001" ez="1.074999" />
    <staticterrain px="8.484999" py="4.855" pz="8.230004" ox="0" oy="0" oz="0" ow="1" ex="0.764999" ey="2.38" ez="0.390002" />

  </ComplexShipTileDefinition>

  <ComplexShipTileDefinition class="corridor">
    <Code>CORRIDOR_NSEW</Code>
    <Name>Four-way corridor</Name>
    <PrimaryTile>True</PrimaryTile>
    <StandardTile>True</StandardTile>
    <Model>corridor_nsew_model</Model>
    <Size x="1" y="1" z="1" />
    <DefaultProperty name="active" value="true" />
    <DefaultProperty name="walkable" value="true" />

    <CollisionOBB skip="true" numchildren="0" />
    <staticterrain px="4.640003" py="2.660001" pz="4.919999" ox="0" oy="0" oz="0" ow="1" ex="3.835006" ey="0.295001" ez="5.000003" />
    <staticterrain px="7.969989" py="4.785005" pz="0.979994" ox="0" oy="0" oz="0" ow="1" ex="0.365" ey="2.555001" ez="1.074999" />
    <staticterrain px="4.920009" py="2.674999" pz="5.245" ox="0" oy="0" oz="0" ow="1" ex="4.495005" ey="0.295001" ez="3.750003" />
    <staticterrain px="4.954985" py="7.279993" pz="5.11" ox="0" oy="0" oz="0" ow="1" ex="4.360005" ey="0.295001" ez="3.465002" />
    <staticterrain px="8.465005" py="4.800002" pz="1.654998" ox="0" oy="0" oz="0" ow="1" ex="0.764999" ey="2.38" ez="0.390002" />
    <staticterrain px="4.570005" py="7.284993" pz="4.91" ox="0" oy="0" oz="0" ow="1" ex="3.635005" ey="0.295001" ez="5.000003" />
    <staticterrain px="8.099992" py="4.840003" pz="9.045005" ox="0" oy="0" oz="0" ow="1" ex="0.365" ey="2.555001" ez="1.074999" />
    <staticterrain px="8.484999" py="4.855" pz="8.230004" ox="0" oy="0" oz="0" ow="1" ex="0.764999" ey="2.38" ez="0.390002" />
    <staticterrain px="1.624999" py="5.014999" pz="0.984999" ox="0" oy="0" oz="0" ow="1" ex="0.365" ey="2.555001" ez="1.074999" />
    <staticterrain px="1.775" py="5.139999" pz="9.065002" ox="0" oy="0" oz="0" ow="1" ex="0.365" ey="2.555001" ez="1.074999" />
    <staticterrain px="1.204999" py="5.105001" pz="8.320001" ox="0" oy="0" oz="0" ow="1" ex="0.764999" ey="2.38" ez="0.390002" />
    <staticterrain px="1.419999" py="4.915" pz="1.735" ox="0" oy="0" oz="0" ow="1" ex="0.764999" ey="2.38" ez="0.390002" />

  </ComplexShipTileDefinition>

</GameData>