<gamedata>
  <CollisionOBB skip="true" numchildren="0" />
  <staticterrain px="4.640003" py="2.660001" pz="4.919999" ox="0" oy="0" oz="0" ow="1" ex="3.835006" ey="0.295001" ez="5.000003" />
  <staticterrain px="7.969989" py="4.785005" pz="0.979994" ox="0" oy="0" oz="0" ow="1" ex="0.365" ey="2.555001" ez="1.074999" />
  <staticterrain px="4.920009" py="2.674999" pz="5.245" ox="0" oy="0" oz="0" ow="1" ex="4.495005" ey="0.295001" ez="3.750003" />
  <staticterrain px="4.954985" py="7.279993" pz="5.11" ox="0" oy="0" oz="0" ow="1" ex="4.360005" ey="0.295001" ez="3.465002" />
  <staticterrain px="8.465005" py="4.800002" pz="1.654998" ox="0" oy="0" oz="0" ow="1" ex="0.764999" ey="2.38" ez="0.390002" />
  <staticterrain px="4.570005" py="7.284993" pz="4.91" ox="0" oy="0" oz="0" ow="1" ex="3.635005" ey="0.295001" ez="5.000003" />
  <staticterrain px="8.099992" py="4.840003" pz="9.045005" ox="0" oy="0" oz="0" ow="1" ex="0.365" ey="2.555001" ez="1.074999" />
  <staticterrain px="8.484999" py="4.855" pz="8.230004" ox="0" oy="0" oz="0" ow="1" ex="0.764999" ey="2.38" ez="0.390002" />
  <staticterrain px="1.624999" py="5.014999" pz="0.984999" ox="0" oy="0" oz="0" ow="1" ex="0.365" ey="2.555001" ez="1.074999" />
  <staticterrain px="1.775" py="5.139999" pz="9.065002" ox="0" oy="0" oz="0" ow="1" ex="0.365" ey="2.555001" ez="1.074999" />
  <staticterrain px="1.204999" py="5.105001" pz="8.320001" ox="0" oy="0" oz="0" ow="1" ex="0.764999" ey="2.38" ez="0.390002" />
  <staticterrain px="1.419999" py="4.915" pz="1.735" ox="0" oy="0" oz="0" ow="1" ex="0.764999" ey="2.38" ez="0.390002" />
</gamedata>
