<gamedata>
  <CollisionOBB skip="true" numchildren="0" />
  <staticterrain px="4.630003" py="2.635001" pz="4.944999" ox="0" oy="0" oz="0" ow="1" ex="3.140003" ey="0.295001" ez="4.865002" />
  <staticterrain px="4.645004" py="7.079996" pz="4.955" ox="0" oy="0" oz="0" ow="1" ex="3.140003" ey="0.295001" ez="5.010003" />
  <staticterrain px="1.734999" py="4.810004" pz="5.025001" ox="0" oy="0" oz="0" ow="1" ex="0.365" ey="2.555001" ez="4.985004" />
  <staticterrain px="7.569991" py="4.785005" pz="1.249994" ox="0" oy="0" oz="0" ow="1" ex="0.365" ey="2.555001" ez="1.204999" />
  <staticterrain px="4.880005" py="4.910002" pz="9.580007" ox="0" oy="0" oz="0" ow="1" ex="3.495005" ey="2.38" ez="0.325002" />
  <staticterrain px="7.794989" py="2.744999" pz="5.77" ox="0" oy="0" oz="0" ow="1" ex="0.814999" ey="0.295001" ez="4.035004" />
  <staticterrain px="7.86999" py="7.009992" pz="5.81" ox="0" oy="0" oz="0" ow="1" ex="0.814999" ey="0.295001" ez="4.035004" />
  <staticterrain px="7.729994" py="4.800002" pz="2.065" ox="0" oy="0" oz="0" ow="1" ex="0.764999" ey="2.38" ez="0.390002" />
</gamedata>
