<gamedata>
  <CollisionOBB skip="true" numchildren="0" />
  <staticterrain px="4.540003" py="2.635001" pz="4.919999" ox="0" oy="0" oz="0" ow="1" ex="3.635005" ey="0.295001" ez="5.000003" />
  <staticterrain px="1.11" py="4.810004" pz="5.025001" ox="0" oy="0" oz="0" ow="1" ex="0.365" ey="2.555001" ez="4.985004" />
  <staticterrain px="7.969989" py="4.785005" pz="0.979994" ox="0" oy="0" oz="0" ow="1" ex="0.365" ey="2.555001" ez="1.074999" />
  <staticterrain px="8.565001" py="2.664999" pz="5.245" ox="0" oy="0" oz="0" ow="1" ex="0.814999" ey="0.295001" ez="3.750003" />
  <staticterrain px="8.679996" py="7.009992" pz="5.11" ox="0" oy="0" oz="0" ow="1" ex="0.539999" ey="0.295001" ez="3.465002" />
  <staticterrain px="8.310001" py="4.800002" pz="1.654998" ox="0" oy="0" oz="0" ow="1" ex="0.764999" ey="2.38" ez="0.390002" />
  <staticterrain px="4.530005" py="6.949994" pz="4.91" ox="0" oy="0" oz="0" ow="1" ex="3.635005" ey="0.295001" ez="5.000003" />
  <staticterrain px="8.099992" py="4.840003" pz="9.045005" ox="0" oy="0" oz="0" ow="1" ex="0.365" ey="2.555001" ez="1.074999" />
  <staticterrain px="8.484999" py="4.855" pz="8.230004" ox="0" oy="0" oz="0" ow="1" ex="0.764999" ey="2.38" ez="0.390002" />
</gamedata>
